{
  "model_name": "domain_gradient_boosting",
  "model_type": "sklearn",
  "timestamp": "2026-06-22T17:58:57.176031",
  "num_features": 26,
  "n_train": 69,
  "n_test": 18,
  "test_metrics": {
    "accuracy": 0.8333333333333334,
    "f1": 0.8888888888888888,
    "auc_roc": 0.7230769230769231,
    "n_test": 18
  },
  "confusion_matrix": {
    "tn": 3,
    "fp": 2,
    "fn": 1,
    "tp": 12
  }
}